#Users:
insert into web_forum_database.users (user_id, user_email, password, first_name, last_name, is_deleted, is_blocked, username) values (1, 'john.doe@example.com', 'AbCdEfGhIjKlMnOpQrSt', 'John', 'Doe', 0, 0, 'john_doe');
insert into web_forum_database.users (user_id, user_email, password, first_name, last_name, is_deleted, is_blocked, username) values (2, 'jane.smith@example.com', 'XyZaBcDeFgHiJkLmNoP', 'Jane', 'Smith', 0, 0, 'jane_smith');
insert into web_forum_database.users (user_id, user_email, password, first_name, last_name, is_deleted, is_blocked, username) values (3, 'michael.jones@example.com', 'PqRsTuVwXyZaBcDeFgH', 'Michael', 'Jones', 0, 0, 'michael_jones');
insert into web_forum_database.users (user_id, user_email, password, first_name, last_name, is_deleted, is_blocked, username) values (4, 'susan.miller@example.com', 'IjKlMnOpQrStUvWxYzA', 'Susan', 'Miller', 0, 0, 'susan_miller');
insert into web_forum_database.users (user_id, user_email, password, first_name, last_name, is_deleted, is_blocked, username) values (5, 'robert.white@example.com', 'HgFeDcBa0987654321', 'Robert', 'White', 0, 0, 'robert_white');
insert into web_forum_database.users (user_id, user_email, password, first_name, last_name, is_deleted, is_blocked, username) values (6, 'laura.wilson1@example.com', 'LmNoPqRsTuVwXyZaBcD', 'Laura', 'Wilson', 0, 0, 'laura_wilson');
insert into web_forum_database.users (user_id, user_email, password, first_name, last_name, is_deleted, is_blocked, username) values (7, 'david.brown@example.com', 'MnOpQrStUvWxYzAbCdEf', 'David', 'Brown', 0, 0, 'david_brown');
insert into web_forum_database.users (user_id, user_email, password, first_name, last_name, is_deleted, is_blocked, username) values (8, 'emily.jackson@example.com', 'KlMnOpQrStUvWxYzAbC', 'Emily', 'Jackson', 0, 0, 'emily_jackson');
insert into web_forum_database.users (user_id, user_email, password, first_name, last_name, is_deleted, is_blocked, username) values (9, 'peter.anderson@example.com', 'XyZaBcDeFgHiJkLmNoPq', 'Peter', 'Anderson', 0, 0, 'peter_anderson');
insert into web_forum_database.users (user_id, user_email, password, first_name, last_name, is_deleted, is_blocked, username) values (10, 'natalie.hall@example.com', 'HgFeDcBa0987654321', 'Natalie', 'Hall', 0, 0, 'natalie_hall');

#Roles:
insert into web_forum_database.roles (role_id, name) values (1, 'ADMIN');
insert into web_forum_database.roles (role_id, name) values (2, 'STAFF_MEMBER');
insert into web_forum_database.roles (role_id, name) values (3, 'MEMBER');

#Tags:
insert into web_forum_database.tags (tag_id, name, is_deleted) values (28, 'java-multithreading', 0);
insert into web_forum_database.tags (tag_id, name, is_deleted) values (29, 'concurrency', 0);
insert into web_forum_database.tags (tag_id, name, is_deleted) values (30, 'threads', 0);
insert into web_forum_database.tags (tag_id, name, is_deleted) values (31, 'java-spring', 0);
insert into web_forum_database.tags (tag_id, name, is_deleted) values (32, 'spring-framework', 0);
insert into web_forum_database.tags (tag_id, name, is_deleted) values (33, 'dependency-injection', 0);
insert into web_forum_database.tags (tag_id, name, is_deleted) values (34, 'java-design-patterns', 0);
insert into web_forum_database.tags (tag_id, name, is_deleted) values (35, 'scalability', 0);
insert into web_forum_database.tags (tag_id, name, is_deleted) values (36, 'software-architecture', 0);
insert into web_forum_database.tags (tag_id, name, is_deleted) values (37, 'java-exceptions', 0);
insert into web_forum_database.tags (tag_id, name, is_deleted) values (38, 'exception-handling', 0);
insert into web_forum_database.tags (tag_id, name, is_deleted) values (39, 'error-handling', 0);
insert into web_forum_database.tags (tag_id, name, is_deleted) values (40, 'java-collections', 0);
insert into web_forum_database.tags (tag_id, name, is_deleted) values (41, 'data-structures', 0);
insert into web_forum_database.tags (tag_id, name, is_deleted) values (42, 'algorithms', 0);
insert into web_forum_database.tags (tag_id, name, is_deleted) values (43, 'java-security', 0);
insert into web_forum_database.tags (tag_id, name, is_deleted) values (44, 'secure-coding', 0);
insert into web_forum_database.tags (tag_id, name, is_deleted) values (45, 'best-practices', 0);
insert into web_forum_database.tags (tag_id, name, is_deleted) values (46, 'javafx', 0);
insert into web_forum_database.tags (tag_id, name, is_deleted) values (47, 'user-interface', 0);
insert into web_forum_database.tags (tag_id, name, is_deleted) values (48, 'gui', 0);
insert into web_forum_database.tags (tag_id, name, is_deleted) values (49, 'java-networking', 0);
insert into web_forum_database.tags (tag_id, name, is_deleted) values (50, 'socket-programming', 0);
insert into web_forum_database.tags (tag_id, name, is_deleted) values (51, 'network-communication', 0);
insert into web_forum_database.tags (tag_id, name, is_deleted) values (52, 'java-performance', 0);
insert into web_forum_database.tags (tag_id, name, is_deleted) values (53, 'optimization', 0);
insert into web_forum_database.tags (tag_id, name, is_deleted) values (54, 'profiling', 0);
insert into web_forum_database.tags (tag_id, name, is_deleted) values (55, 'java-testing', 0);
insert into web_forum_database.tags (tag_id, name, is_deleted) values (56, 'junit', 0);
insert into web_forum_database.tags (tag_id, name, is_deleted) values (57, 'unit-testing', 0);
insert into web_forum_database.tags (tag_id, name, is_deleted) values (58, 'java-stream-api', 0);
insert into web_forum_database.tags (tag_id, name, is_deleted) values (59, 'functional-programming', 0);
insert into web_forum_database.tags (tag_id, name, is_deleted) values (60, 'lambda-expressions', 0);
insert into web_forum_database.tags (tag_id, name, is_deleted) values (61, 'java-rest-api', 0);
insert into web_forum_database.tags (tag_id, name, is_deleted) values (62, 'restful-api', 0);
insert into web_forum_database.tags (tag_id, name, is_deleted) values (63, 'web-services', 0);
insert into web_forum_database.tags (tag_id, name, is_deleted) values (64, 'java-concurrency', 0);
insert into web_forum_database.tags (tag_id, name, is_deleted) values (65, 'parallel-programming', 0);
insert into web_forum_database.tags (tag_id, name, is_deleted) values (66, 'race-conditions', 0);
insert into web_forum_database.tags (tag_id, name, is_deleted) values (67, 'java-17', 0);
insert into web_forum_database.tags (tag_id, name, is_deleted) values (68, 'new-features', 0);
insert into web_forum_database.tags (tag_id, name, is_deleted) values (69, 'language-enhancements', 0);
insert into web_forum_database.tags (tag_id, name, is_deleted) values (70, 'java-memory-management', 0);
insert into web_forum_database.tags (tag_id, name, is_deleted) values (71, 'garbage-collection', 0);
insert into web_forum_database.tags (tag_id, name, is_deleted) values (72, 'memory-leaks', 0);
insert into web_forum_database.tags (tag_id, name, is_deleted) values (73, 'microservices', 0);
insert into web_forum_database.tags (tag_id, name, is_deleted) values (74, 'spring-boot', 0);
insert into web_forum_database.tags (tag_id, name, is_deleted) values (75, 'cloud-native', 0);
insert into web_forum_database.tags (tag_id, name, is_deleted) values (76, 'java-3d', 0);
insert into web_forum_database.tags (tag_id, name, is_deleted) values (77, 'graphics-programming', 0);
insert into web_forum_database.tags (tag_id, name, is_deleted) values (78, 'rendering', 0);
insert into web_forum_database.tags (tag_id, name, is_deleted) values (79, 'java-security', 0);
insert into web_forum_database.tags (tag_id, name, is_deleted) values (80, 'cybersecurity', 0);
insert into web_forum_database.tags (tag_id, name, is_deleted) values (81, 'encryption', 0);
insert into web_forum_database.tags (tag_id, name, is_deleted) values (82, 'java-servlets', 0);
insert into web_forum_database.tags (tag_id, name, is_deleted) values (83, 'jsp', 0);
insert into web_forum_database.tags (tag_id, name, is_deleted) values (84, 'web-development', 0);

#Posts:
insert into web_forum_database.posts (post_id, title, content, user_id, created_on, is_deleted, likes, dislikes) values (1, 'Understanding Java Multithreading', 'Multithreading is a crucial aspect of Java programming, allowing concurrent execution of tasks. It enhances performance by efficiently utilizing system resources.', 3, '2024-02-18 20:10:01', 0, 1, 1);
insert into web_forum_database.posts (post_id, title, content, user_id, created_on, is_deleted, likes, dislikes) values (2, 'Exploring Java Spring Framework', 'The Spring Framework simplifies Java development by providing comprehensive infrastructure support. With features like dependency injection, it promotes modular and testable code.', 7, '2024-02-18 20:10:02', 0, 3, 1);
insert into web_forum_database.posts (post_id, title, content, user_id, created_on, is_deleted, likes, dislikes) values (3, 'Java Design Patterns for Scalability', 'Applying design patterns is essential for building scalable Java applications. Patterns like Singleton and Observer contribute to creating robust and efficient systems.', 1, '2024-02-18 20:10:02', 0, 3, 1);
insert into web_forum_database.posts (post_id, title, content, user_id, created_on, is_deleted, likes, dislikes) values (4, 'Effective Exception Handling in Java', 'Exception handling is a critical part of Java programming. By using try-catch blocks, developers can manage runtime errors and ensure graceful application behavior.', 8, '2024-02-18 20:10:02', 0, 4, 1);
insert into web_forum_database.posts (post_id, title, content, user_id, created_on, is_deleted, likes, dislikes) values (5, 'Mastering Java Collections Framework', 'Java Collections offer a versatile set of data structures. From Lists to Maps, understanding and utilizing these classes is key for efficient data manipulation. Really cool!', 6, '2024-02-18 20:10:02', 0, 4, 1);
insert into web_forum_database.posts (post_id, title, content, user_id, created_on, is_deleted, likes, dislikes) values (6, 'Secure Coding Practices in Java', 'Security is paramount in Java development. Adhering to secure coding practices helps prevent vulnerabilities and ensures the integrity of your applications.', 2, '2024-02-18 20:11:32', 0, 3, 1);
insert into web_forum_database.posts (post_id, title, content, user_id, created_on, is_deleted, likes, dislikes) values (7, 'JavaFX: Building Modern User Interfaces', 'JavaFX provides a platform for creating rich, interactive user interfaces. With features like FXML and CSS styling, developers can build modern and visually appealing applications.', 9, '2024-02-18 20:13:07', 0, 2, 2);
insert into web_forum_database.posts (post_id, title, content, user_id, created_on, is_deleted, likes, dislikes) values (8, 'Java Networking: Socket Programming', 'Understanding socket programming is essential for building networked applications in Java. It enables communication between distributed systems through the use of sockets.', 4, '2024-02-18 20:10:03', 0, 5, 1);
insert into web_forum_database.posts (post_id, title, content, user_id, created_on, is_deleted, likes, dislikes) values (9, 'Optimizing Java Code for Performance', 'Performance optimization is a continuous process in Java development. Techniques like code profiling and efficient algorithm implementation contribute to faster and more responsive applications.', 5, '2024-02-18 20:10:03', 0, 3, 1);
insert into web_forum_database.posts (post_id, title, content, user_id, created_on, is_deleted, likes, dislikes) values (10, 'Unit Testing in Java with JUnit', 'JUnit is a powerful testing framework for Java. Adopting unit testing practices ensures the reliability and correctness of your code throughout the development process.', 10, '2024-02-18 20:10:03', 0, 4, 1);
insert into web_forum_database.posts (post_id, title, content, user_id, created_on, is_deleted, likes, dislikes) values (11, 'Java Stream API: Functional Programming', 'The Stream API in Java facilitates functional programming paradigms. Leveraging streams allows developers to write concise and expressive code for data manipulation.', 3, '2024-02-18 20:10:02', 0, 1, 1);
insert into web_forum_database.posts (post_id, title, content, user_id, created_on, is_deleted, likes, dislikes) values (12, 'Developing RESTful APIs with Java', 'Building RESTful APIs is a common requirement in Java development. Technologies like Spring Boot simplify the process, enabling developers to create scalable and robust APIs.', 7, '2024-02-18 20:10:02', 0, 1, 1);
insert into web_forum_database.posts (post_id, title, content, user_id, created_on, is_deleted, likes, dislikes) values (13, 'Concurrency Challenges in Java Programming', 'Concurrency introduces challenges in Java development. Addressing issues such as race conditions and deadlock is crucial for building stable and reliable concurrent applications.', 1, '2024-02-18 20:10:02', 0, 1, 1);
insert into web_forum_database.posts (post_id, title, content, user_id, created_on, is_deleted, likes, dislikes) values (14, 'Java 17 Features: What is New?', 'Java 17 introduces new features and enhancements. From pattern matching to sealed classes, staying updated on the latest language improvements is essential for modern Java development.', 6, '2024-02-18 20:10:02', 0, 1, 1);
insert into web_forum_database.posts (post_id, title, content, user_id, created_on, is_deleted, likes, dislikes) values (15, 'Java Memory Management Best Practices', 'Effective memory management is vital for preventing memory leaks and optimizing Java applications. Understanding concepts like garbage collection contributes to efficient resource utilization.', 8, '2024-02-18 20:10:02', 0, 1, 1);
insert into web_forum_database.posts (post_id, title, content, user_id, created_on, is_deleted, likes, dislikes) values (16, 'Building Microservices with Spring Boot', 'Microservices architecture is a popular approach in Java development. Using Spring Boot, developers can create modular and scalable microservices for building robust distributed systems.', 2, '2024-02-18 20:10:02', 0, 1, 1);
insert into web_forum_database.posts (post_id, title, content, user_id, created_on, is_deleted, likes, dislikes) values (17, 'Java 3D Graphics Programming', 'Java supports 3D graphics programming through libraries like JOGL. Developing applications with 3D visualization enhances the user experience and opens up possibilities for innovative interfaces.', 9, '2024-02-18 20:10:02', 0, 1, 1);
insert into web_forum_database.posts (post_id, title, content, user_id, created_on, is_deleted, likes, dislikes) values (18, 'Java Security Best Practices', 'Ensuring the security of Java applications requires adherence to best practices. Techniques such as input validation and secure coding guidelines help protect against common vulnerabilities.', 4, '2024-02-18 20:10:02', 0, 1, 1);
insert into web_forum_database.posts (post_id, title, content, user_id, created_on, is_deleted, likes, dislikes) values (19, 'Java Servlets and JSP: Web Development', 'Servlets and JSP are fundamental technologies for Java web development. They enable the creation of dynamic and interactive web applications by processing requests and generating dynamic content.', 5, '2024-02-18 20:10:02', 0, 1, 1);

#Users_Roles
insert into web_forum_database.users_roles (user_id, role_id) values (1, 2);
insert into web_forum_database.users_roles (user_id, role_id) values (1, 1);
insert into web_forum_database.users_roles (user_id, role_id) values (4, 3);
insert into web_forum_database.users_roles (user_id, role_id) values (5, 3);
insert into web_forum_database.users_roles (user_id, role_id) values (6, 3);
insert into web_forum_database.users_roles (user_id, role_id) values (7, 3);
insert into web_forum_database.users_roles (user_id, role_id) values (8, 3);
insert into web_forum_database.users_roles (user_id, role_id) values (9, 3);
insert into web_forum_database.users_roles (user_id, role_id) values (2, 3);
insert into web_forum_database.users_roles (user_id, role_id) values (3, 3);
insert into web_forum_database.users_roles (user_id, role_id) values (6, 2);
insert into web_forum_database.users_roles (user_id, role_id) values (10, 3);
insert into web_forum_database.users_roles (user_id, role_id) values (1, 3);

#Comments:
insert into web_forum_database.comments (comment_id, content, is_deleted, user_id, created_on, likes, dislikes) values (1, 'Multithreading is indeed a vital feature of Java programming. It allows for the concurrent execution of two or more parts of a program for maximum utilization of CPU. Each part of such a program is called a thread, and each thread defines a separate path of execution.

Java multithreading is mostly used in games, animation, etc. It enables you to write very efficient programs that make maximum use of the CPU, because idle time can be kept to a minimum. This is achieved by switching between threads, a process known as context-switching.

Threads are independent, if there occurs exception in one thread, it doesn’t affect other threads.', 0, 7, '2024-02-18 19:58:37', 1, 1);
insert into web_forum_database.comments (comment_id, content, is_deleted, user_id, created_on, likes, dislikes) values (2, 'I love how Spring simplifies Java development!', 0, 4, '2024-02-18 19:58:37', 1, 1);
insert into web_forum_database.comments (comment_id, content, is_deleted, user_id, created_on, likes, dislikes) values (3, 'Design patterns make Java applications scalable.', 0, 8, '2024-02-18 19:58:37', 1, 1);
insert into web_forum_database.comments (comment_id, content, is_deleted, user_id, created_on, likes, dislikes) values (4, 'Effective exception handling is crucial for robust Java apps.', 0, 5, '2024-02-18 19:58:37', 1, 1);
insert into web_forum_database.comments (comment_id, content, is_deleted, user_id, created_on, likes, dislikes) values (5, 'Java Collections are indeed versatile and powerful.', 0, 9, '2024-02-18 19:58:37', 1, 1);
insert into web_forum_database.comments (comment_id, content, is_deleted, user_id, created_on, likes, dislikes) values (6, 'Security practices are essential for Java applications.', 0, 3, '2024-02-18 20:11:20', 2, 1);
insert into web_forum_database.comments (comment_id, content, is_deleted, user_id, created_on, likes, dislikes) values (7, 'JavaFX is amazing for building modern UIs!', 0, 6, '2024-02-18 19:58:37', 1, 1);
insert into web_forum_database.comments (comment_id, content, is_deleted, user_id, created_on, likes, dislikes) values (8, 'Socket programming is a key skill for Java devs.', 0, 1, '2024-02-18 19:58:38', 1, 1);
insert into web_forum_database.comments (comment_id, content, is_deleted, user_id, created_on, likes, dislikes) values (9, 'Optimizing code is crucial for Java performance.', 0, 10, '2024-02-18 19:58:38', 1, 1);
insert into web_forum_database.comments (comment_id, content, is_deleted, user_id, created_on, likes, dislikes) values (10, 'Great article! Very useful!', 0, 2, '2024-02-18 19:58:38', 1, 1);
insert into web_forum_database.comments (comment_id, content, is_deleted, user_id, created_on, likes, dislikes) values (11, 'Java Stream API simplifies data manipulation.', 0, 8, '2024-02-18 19:58:38', 1, 1);
insert into web_forum_database.comments (comment_id, content, is_deleted, user_id, created_on, likes, dislikes) values (12, 'Building RESTful APIs with Java is exciting!', 0, 7, '2024-02-18 19:58:38', 1, 1);
insert into web_forum_database.comments (comment_id, content, is_deleted, user_id, created_on, likes, dislikes) values (13, 'Concurrency challenges require careful consideration. Really!', 0, 1, '2024-02-18 19:58:38', 1, 1);
insert into web_forum_database.comments (comment_id, content, is_deleted, user_id, created_on, likes, dislikes) values (14, 'Java 17 features are indeed impressive!', 0, 6, '2024-02-18 19:58:38', 1, 1);
insert into web_forum_database.comments (comment_id, content, is_deleted, user_id, created_on, likes, dislikes) values (15, 'Memory management is vital for Java applications.', 0, 8, '2024-02-18 19:58:38', 1, 1);
insert into web_forum_database.comments (comment_id, content, is_deleted, user_id, created_on, likes, dislikes) values (16, 'Microservices with Spring Boot is the future!', 0, 2, '2024-02-18 19:58:38', 1, 1);
insert into web_forum_database.comments (comment_id, content, is_deleted, user_id, created_on, likes, dislikes) values (17, 'Java 3D graphics programming opens new possibilities.', 0, 9, '2024-02-18 19:58:38', 1, 1);
insert into web_forum_database.comments (comment_id, content, is_deleted, user_id, created_on, likes, dislikes) values (18, 'Java security best practices are a must-follow.', 0, 4, '2024-02-18 19:58:38', 1, 1);
insert into web_forum_database.comments (comment_id, content, is_deleted, user_id, created_on, likes, dislikes) values (19, 'Java Servlets and JSP are fundamental for web development.', 0, 5, '2024-02-18 19:58:38', 1, 1);
insert into web_forum_database.comments (comment_id, content, is_deleted, user_id, created_on, likes, dislikes) values (20, 'Great insights into Java programming!', 0, 7, '2024-02-18 19:58:38', 1, 1);
insert into web_forum_database.comments (comment_id, content, is_deleted, user_id, created_on, likes, dislikes) values (21, 'Java’s multithreading feature is a powerful tool that allows for the concurrent execution of multiple tasks. This capability is particularly useful in large-scale applications where numerous operations need to be performed simultaneously. By dividing a program into multiple threads, each performing a specific task, Java can significantly improve the efficiency of the application.

Each thread in Java operates independently, allowing the program to continue executing other threads even if one thread encounters an error or requires a lengthy computation. This independence of threads ensures that a single malfunctioning component does not halt the entire application.

Moreover, multithreading in Java is managed by the Java Virtual Machine (JVM), which provides a high level of control and flexibility. Developers can prioritize certain threads over others, pause or stop threads, and even communicate between threads.

However, multithreading also introduces complexity and potential issues such as race conditions and deadlocks. Therefore, careful design and synchronization are crucial when implementing multithreading in Java. Despite these challenges, the benefits of multithreading, such as improved performance and resource utilization, make it an essential aspect of Java programming.', 0, 1, '2024-02-18 19:58:38', 1, 1);
insert into web_forum_database.comments (comment_id, content, is_deleted, user_id, created_on, likes, dislikes) values (22, 'Java’s multithreading capability enables simultaneous task execution, optimizing performance through effective resource utilization.', 0, 1, '2024-02-18 19:58:38', 1, 1);
insert into web_forum_database.comments (comment_id, content, is_deleted, user_id, created_on, likes, dislikes) values (26, 'Great breakdown! Multithreading can be complex, but your explanation makes it much easier to grasp.', 0, 2, '2024-02-18 19:58:38', 1, 1);
insert into web_forum_database.comments (comment_id, content, is_deleted, user_id, created_on, likes, dislikes) values (27, 'I''ve been struggling with multithreading for a while now, but your post really cleared things up for me. Thanks!', 0, 3, '2024-02-18 19:58:38', 1, 1);
insert into web_forum_database.comments (comment_id, content, is_deleted, user_id, created_on, likes, dislikes) values (28, 'Love how you''ve simplified such a complex topic. Looking forward to more posts like this!', 0, 4, '2024-02-18 19:58:38', 1, 1);
insert into web_forum_database.comments (comment_id, content, is_deleted, user_id, created_on, likes, dislikes) values (29, 'Spring is such a powerful framework, and your post does a great job of showcasing its capabilities.', 0, 5, '2024-02-18 19:58:38', 1, 1);
insert into web_forum_database.comments (comment_id, content, is_deleted, user_id, created_on, likes, dislikes) values (30, 'As someone new to Spring, your post was incredibly helpful. Can''t wait to dive deeper into this framework!', 0, 6, '2024-02-18 19:58:38', 1, 1);
insert into web_forum_database.comments (comment_id, content, is_deleted, user_id, created_on, likes, dislikes) values (31, 'Thanks for the detailed overview of Spring. It''s amazing how much functionality it provides out of the box.', 0, 7, '2024-02-18 19:58:38', 1, 1);
insert into web_forum_database.comments (comment_id, content, is_deleted, user_id, created_on, likes, dislikes) values (32, '"Design patterns are crucial for building scalable applications. Your post does an excellent job of explaining their importance.', 0, 8, '2024-02-18 19:58:38', 1, 1);
insert into web_forum_database.comments (comment_id, content, is_deleted, user_id, created_on, likes, dislikes) values (33, 'I''ve heard about design patterns before, but your post really helped me understand how to apply them for scalability. Thanks!', 0, 9, '2024-02-18 19:58:38', 1, 1);
insert into web_forum_database.comments (comment_id, content, is_deleted, user_id, created_on, likes, dislikes) values (34, 'This post is a game-changer for anyone looking to build scalable Java applications. Thanks for sharing your insights!', 0, 10, '2024-02-18 19:58:38', 1, 1);
insert into web_forum_database.comments (comment_id, content, is_deleted, user_id, created_on, likes, dislikes) values (35, 'Exception handling is often overlooked, but your post emphasizes its importance. Great job!', 0, 1, '2024-02-18 19:58:38', 1, 1);
insert into web_forum_database.comments (comment_id, content, is_deleted, user_id, created_on, likes, dislikes) values (36, 'Exception handling can be tricky, but your post breaks it down in a clear and concise way. Thanks for sharing!', 0, 2, '2024-02-18 19:58:38', 1, 1);
insert into web_forum_database.comments (comment_id, content, is_deleted, user_id, created_on, likes, dislikes) values (37, 'I''ve been struggling with exception handling, but your post provided some much-needed clarity. Thanks for the helpful tips!', 0, 3, '2024-02-18 19:58:38', 1, 1);
insert into web_forum_database.comments (comment_id, content, is_deleted, user_id, created_on, likes, dislikes) values (38, 'Collections are such a fundamental part of Java development, and your post does a fantastic job of explaining them. Well done!', 0, 4, '2024-02-18 19:58:39', 1, 1);
insert into web_forum_database.comments (comment_id, content, is_deleted, user_id, created_on, likes, dislikes) values (39, 'Your post on the Java Collections Framework is a great reference for anyone looking to master it. Thanks for sharing your expertise!', 0, 5, '2024-02-18 19:58:39', 1, 1);
insert into web_forum_database.comments (comment_id, content, is_deleted, user_id, created_on, likes, dislikes) values (40, 'I''ve always found collections confusing, but your post made them much easier to understand. Thanks for the valuable insights!', 0, 6, '2024-02-18 19:58:39', 1, 1);
insert into web_forum_database.comments (comment_id, content, is_deleted, user_id, created_on, likes, dislikes) values (41, 'Security is paramount in Java development, and your post provides valuable insights into best practices. Thanks for sharing!', 0, 7, '2024-02-18 19:58:39', 1, 1);
insert into web_forum_database.comments (comment_id, content, is_deleted, user_id, created_on, likes, dislikes) values (42, 'Your post on secure coding practices is a must-read for every Java developer. Thanks for emphasizing the importance of security!', 0, 8, '2024-02-18 19:58:39', 1, 1);
insert into web_forum_database.comments (comment_id, content, is_deleted, user_id, created_on, likes, dislikes) values (43, 'I''ve always been concerned about security in my Java projects, but your post gave me some actionable tips to improve. Thanks for the valuable advice!', 0, 9, '2024-02-18 19:58:39', 1, 1);
insert into web_forum_database.comments (comment_id, content, is_deleted, user_id, created_on, likes, dislikes) values (44, 'JavaFX has come a long way in building modern user interfaces, and your post highlights its capabilities beautifully. Great job!', 0, 10, '2024-02-18 19:58:39', 1, 1);
insert into web_forum_database.comments (comment_id, content, is_deleted, user_id, created_on, likes, dislikes) values (45, 'Your post on JavaFX is incredibly informative and inspiring. I''m excited to start building modern UIs with it. Thanks for the insights!', 0, 1, '2024-02-18 19:58:39', 1, 1);
insert into web_forum_database.comments (comment_id, content, is_deleted, user_id, created_on, likes, dislikes) values (46, 'I''ve been curious about JavaFX for a while now, and your post provided a comprehensive overview. Thanks for the great read!', 0, 2, '2024-02-18 20:12:55', 2, 1);
insert into web_forum_database.comments (comment_id, content, is_deleted, user_id, created_on, likes, dislikes) values (47, 'Socket programming in Java can be daunting, but your post breaks it down into manageable chunks. Thanks for simplifying a complex topic!', 0, 3, '2024-02-18 19:58:39', 1, 1);
insert into web_forum_database.comments (comment_id, content, is_deleted, user_id, created_on, likes, dislikes) values (48, 'Your post on Java networking and socket programming is a lifesaver for anyone diving into this area. Thanks for the clear explanations!', 0, 4, '2024-02-18 19:58:39', 1, 1);
insert into web_forum_database.comments (comment_id, content, is_deleted, user_id, created_on, likes, dislikes) values (49, 'I''ve always found networking challenging, but your post made socket programming in Java much easier to understand. Thanks for the helpful tips!', 0, 5, '2024-02-18 19:58:39', 1, 1);
insert into web_forum_database.comments (comment_id, content, is_deleted, user_id, created_on, likes, dislikes) values (50, 'Performance optimization is key in Java development, and your post offers valuable strategies to achieve it. Thanks for the insightful tips!', 0, 6, '2024-02-18 19:58:39', 1, 1);
insert into web_forum_database.comments (comment_id, content, is_deleted, user_id, created_on, likes, dislikes) values (51, 'Your post on optimizing Java code for performance is a goldmine of information. Thanks for sharing your expertise with us!', 0, 7, '2024-02-18 19:58:39', 1, 1);
insert into web_forum_database.comments (comment_id, content, is_deleted, user_id, created_on, likes, dislikes) values (52, 'I''ve been struggling to optimize my Java code, but your post provided some excellent techniques to improve performance. Thanks for the invaluable advice!', 0, 8, '2024-02-18 19:58:39', 1, 1);
insert into web_forum_database.comments (comment_id, content, is_deleted, user_id, created_on, likes, dislikes) values (56, 'Unit testing is essential for maintaining code quality, and your post on JUnit makes it easy to get started. Thanks for the helpful guide!', 0, 9, '2024-02-18 19:58:39', 1, 1);
insert into web_forum_database.comments (comment_id, content, is_deleted, user_id, created_on, likes, dislikes) values (57, 'Your post on unit testing in Java with JUnit is a fantastic resource for developers at all levels. Thanks for demystifying the testing process!', 0, 10, '2024-02-18 19:58:39', 1, 1);
insert into web_forum_database.comments (comment_id, content, is_deleted, user_id, created_on, likes, dislikes) values (58, 'I''ve always struggled with unit testing, but your post clarified many concepts for me. Thanks for the clear explanations and examples!', 0, 1, '2024-02-18 19:58:39', 1, 1);
insert into web_forum_database.comments (comment_id, content, is_deleted, user_id, created_on, likes, dislikes) values (59, 'Functional programming with Java Stream API is a game-changer, and your post showcases its power brilliantly. Thanks for the informative read!', 0, 2, '2024-02-18 19:58:39', 1, 1);
insert into web_forum_database.comments (comment_id, content, is_deleted, user_id, created_on, likes, dislikes) values (60, 'Your post on the Java Stream API and functional programming is a treasure trove of knowledge. Thanks for sharing your expertise with us!', 0, 3, '2024-02-18 19:58:39', 1, 1);
insert into web_forum_database.comments (comment_id, content, is_deleted, user_id, created_on, likes, dislikes) values (61, 'I''ve been hesitant to embrace functional programming in Java, but your post inspired me to give it a try. Thanks for the enlightening insights!', 0, 4, '2024-02-18 20:00:49', 1, 1);
insert into web_forum_database.comments (comment_id, content, is_deleted, user_id, created_on, likes, dislikes) values (62, 'RESTful APIs are the backbone of modern web applications, and your post on developing them with Java is incredibly informative. Thanks for the detailed guide!', 0, 5, '2024-02-18 20:00:49', 1, 1);
insert into web_forum_database.comments (comment_id, content, is_deleted, user_id, created_on, likes, dislikes) values (63, 'Your post on developing RESTful APIs with Java is a must-read for any developer looking to build scalable and robust APIs. Thanks for sharing your expertise!', 0, 6, '2024-02-18 20:00:49', 1, 1);
insert into web_forum_database.comments (comment_id, content, is_deleted, user_id, created_on, likes, dislikes) values (64, 'I''ve been looking for a comprehensive guide on building RESTful APIs with Java, and your post exceeded my expectations. Thanks for the invaluable resource!', 0, 7, '2024-02-18 20:00:49', 1, 1);
insert into web_forum_database.comments (comment_id, content, is_deleted, user_id, created_on, likes, dislikes) values (65, 'Concurrency can be tricky to master, but your post highlights common challenges and offers practical solutions. Thanks for shedding light on this complex topic!', 0, 8, '2024-02-18 20:00:49', 1, 1);
insert into web_forum_database.comments (comment_id, content, is_deleted, user_id, created_on, likes, dislikes) values (66, 'Your post on concurrency challenges in Java programming is a valuable resource for developers navigating multi-threaded environments. Thanks for the insightful tips!', 0, 9, '2024-02-18 20:00:49', 1, 1);
insert into web_forum_database.comments (comment_id, content, is_deleted, user_id, created_on, likes, dislikes) values (67, 'I''ve always struggled with concurrency in Java, but your post provided clarity on common challenges and how to address them. Thanks for the helpful guide!', 0, 10, '2024-02-18 20:02:05', 1, 1);
insert into web_forum_database.comments (comment_id, content, is_deleted, user_id, created_on, likes, dislikes) values (68, 'Java 17 brings exciting new features, and your post provides a comprehensive overview of what''s new. Thanks for keeping us updated on the latest advancements!', 0, 1, '2024-02-18 20:02:05', 1, 1);
insert into web_forum_database.comments (comment_id, content, is_deleted, user_id, created_on, likes, dislikes) values (69, 'Your post on Java 17 features is a great resource for developers eager to explore the latest enhancements. Thanks for the informative read!', 0, 2, '2024-02-18 20:02:05', 1, 1);
insert into web_forum_database.comments (comment_id, content, is_deleted, user_id, created_on, likes, dislikes) values (70, 'I''ve been curious about the new features in Java 17, and your post answered all my questions. Thanks for the detailed insights!', 0, 3, '2024-02-18 20:02:05', 1, 1);
insert into web_forum_database.comments (comment_id, content, is_deleted, user_id, created_on, likes, dislikes) values (71, 'Memory management is crucial for optimal performance, and your post offers valuable best practices to follow. Thanks for the helpful tips!', 0, 4, '2024-02-18 20:02:05', 1, 1);
insert into web_forum_database.comments (comment_id, content, is_deleted, user_id, created_on, likes, dislikes) values (72, 'Your post on Java memory management best practices is a must-read for developers looking to optimize their applications. Thanks for sharing your expertise!', 0, 5, '2024-02-18 20:02:05', 1, 1);
insert into web_forum_database.comments (comment_id, content, is_deleted, user_id, created_on, likes, dislikes) values (73, 'I''ve been struggling with memory management in Java, but your post provided some excellent strategies to improve. Thanks for the insightful advice!', 0, 6, '2024-02-18 20:02:05', 1, 1);
insert into web_forum_database.comments (comment_id, content, is_deleted, user_id, created_on, likes, dislikes) values (74, 'Microservices architecture is the future of scalable applications, and your post on building them with Spring Boot is a fantastic guide. Thanks for the detailed insights!', 0, 7, '2024-02-18 20:02:05', 1, 1);
insert into web_forum_database.comments (comment_id, content, is_deleted, user_id, created_on, likes, dislikes) values (75, 'Your post on building microservices with Spring Boot is a valuable resource for developers embarking on this journey. Thanks for the clear explanations and examples!', 0, 8, '2024-02-18 20:02:05', 1, 1);
insert into web_forum_database.comments (comment_id, content, is_deleted, user_id, created_on, likes, dislikes) values (76, 'I''ve been interested in microservices for a while now, and your post provided a comprehensive overview. Thanks for the informative read!', 0, 9, '2024-02-18 20:02:05', 1, 1);
insert into web_forum_database.comments (comment_id, content, is_deleted, user_id, created_on, likes, dislikes) values (77, 'Java 3D graphics programming is a fascinating topic, and your post dives deep into its intricacies. Thanks for the enlightening read!', 0, 10, '2024-02-18 20:02:05', 1, 1);
insert into web_forum_database.comments (comment_id, content, is_deleted, user_id, created_on, likes, dislikes) values (78, 'Your post on Java 3D graphics programming is a valuable resource for developers exploring the world of 3D rendering. Thanks for the detailed guide!', 0, 1, '2024-02-18 20:02:05', 1, 1);
insert into web_forum_database.comments (comment_id, content, is_deleted, user_id, created_on, likes, dislikes) values (79, 'I''ve always been curious about 3D graphics in Java, and your post provided some excellent insights. Thanks for sharing your knowledge with us!', 0, 2, '2024-02-18 20:02:05', 1, 1);
insert into web_forum_database.comments (comment_id, content, is_deleted, user_id, created_on, likes, dislikes) values (80, 'Security is paramount in Java development, and your post on best practices is a must-read for every developer. Thanks for emphasizing the importance of secure coding!', 0, 3, '2024-02-18 20:02:05', 1, 1);
insert into web_forum_database.comments (comment_id, content, is_deleted, user_id, created_on, likes, dislikes) values (81, 'Your post on Java security best practices is a valuable resource for developers looking to build secure applications. Thanks for the insightful tips!', 0, 4, '2024-02-18 20:02:05', 1, 1);
insert into web_forum_database.comments (comment_id, content, is_deleted, user_id, created_on, likes, dislikes) values (82, 'I''ve been concerned about security in my Java projects, but your post provided some excellent strategies to follow. Thanks for the helpful advice!', 0, 5, '2024-02-18 20:02:05', 1, 1);
insert into web_forum_database.comments (comment_id, content, is_deleted, user_id, created_on, likes, dislikes) values (83, 'Java servlets and JSP are foundational technologies for web development, and your post offers a comprehensive overview. Thanks for the detailed insights!', 0, 6, '2024-02-18 20:02:05', 1, 1);
insert into web_forum_database.comments (comment_id, content, is_deleted, user_id, created_on, likes, dislikes) values (84, 'Your post on Java servlets and JSP is a fantastic resource for developers starting their journey in web development. Thanks for the clear explanations and examples!', 0, 7, '2024-02-18 20:02:05', 1, 1);
insert into web_forum_database.comments (comment_id, content, is_deleted, user_id, created_on, likes, dislikes) values (85, 'I''ve been eager to learn more about Java servlets and JSP, and your post provided a solid introduction. Thanks for the informative read!', 0, 8, '2024-02-18 20:02:05', 1, 1);


#Avatars
insert into web_forum_database.avatars (avatar_id, avatar) values (1, 'https://res.cloudinary.com/dol3hflxs/image/upload/v1708258312/file.png');

#Avatars_Users
insert into web_forum_database.avatars_users (avatar_id, user_id) values (1, 1);
insert into web_forum_database.avatars_users (avatar_id, user_id) values (1, 2);
insert into web_forum_database.avatars_users (avatar_id, user_id) values (1, 3);
insert into web_forum_database.avatars_users (avatar_id, user_id) values (1, 4);
insert into web_forum_database.avatars_users (avatar_id, user_id) values (1, 5);
insert into web_forum_database.avatars_users (avatar_id, user_id) values (1, 6);
insert into web_forum_database.avatars_users (avatar_id, user_id) values (1, 7);
insert into web_forum_database.avatars_users (avatar_id, user_id) values (1, 8);
insert into web_forum_database.avatars_users (avatar_id, user_id) values (1, 9);
insert into web_forum_database.avatars_users (avatar_id, user_id) values (1, 10);

#PhoneNumbers
insert into web_forum_database.phone_numbers (phone_number_id, phone_number, user_id) values (1, '0883123123', 1);

#Post_Tags
insert into web_forum_database.posts_tags (post_id, tag_id) values (1, 28);
insert into web_forum_database.posts_tags (post_id, tag_id) values (1, 29);
insert into web_forum_database.posts_tags (post_id, tag_id) values (1, 30);
insert into web_forum_database.posts_tags (post_id, tag_id) values (2, 31);
insert into web_forum_database.posts_tags (post_id, tag_id) values (2, 32);
insert into web_forum_database.posts_tags (post_id, tag_id) values (2, 33);
insert into web_forum_database.posts_tags (post_id, tag_id) values (3, 34);
insert into web_forum_database.posts_tags (post_id, tag_id) values (3, 35);
insert into web_forum_database.posts_tags (post_id, tag_id) values (3, 36);
insert into web_forum_database.posts_tags (post_id, tag_id) values (4, 37);
insert into web_forum_database.posts_tags (post_id, tag_id) values (4, 38);
insert into web_forum_database.posts_tags (post_id, tag_id) values (4, 39);
insert into web_forum_database.posts_tags (post_id, tag_id) values (5, 40);
insert into web_forum_database.posts_tags (post_id, tag_id) values (5, 41);
insert into web_forum_database.posts_tags (post_id, tag_id) values (5, 42);
insert into web_forum_database.posts_tags (post_id, tag_id) values (6, 43);
insert into web_forum_database.posts_tags (post_id, tag_id) values (6, 44);
insert into web_forum_database.posts_tags (post_id, tag_id) values (6, 45);
insert into web_forum_database.posts_tags (post_id, tag_id) values (7, 46);
insert into web_forum_database.posts_tags (post_id, tag_id) values (7, 47);
insert into web_forum_database.posts_tags (post_id, tag_id) values (7, 48);
insert into web_forum_database.posts_tags (post_id, tag_id) values (8, 49);
insert into web_forum_database.posts_tags (post_id, tag_id) values (8, 50);
insert into web_forum_database.posts_tags (post_id, tag_id) values (8, 51);
insert into web_forum_database.posts_tags (post_id, tag_id) values (9, 52);
insert into web_forum_database.posts_tags (post_id, tag_id) values (9, 53);
insert into web_forum_database.posts_tags (post_id, tag_id) values (9, 54);
insert into web_forum_database.posts_tags (post_id, tag_id) values (10, 55);
insert into web_forum_database.posts_tags (post_id, tag_id) values (10, 56);
insert into web_forum_database.posts_tags (post_id, tag_id) values (10, 57);
insert into web_forum_database.posts_tags (post_id, tag_id) values (11, 58);
insert into web_forum_database.posts_tags (post_id, tag_id) values (11, 59);
insert into web_forum_database.posts_tags (post_id, tag_id) values (11, 60);
insert into web_forum_database.posts_tags (post_id, tag_id) values (12, 61);
insert into web_forum_database.posts_tags (post_id, tag_id) values (12, 62);
insert into web_forum_database.posts_tags (post_id, tag_id) values (12, 63);
insert into web_forum_database.posts_tags (post_id, tag_id) values (13, 64);
insert into web_forum_database.posts_tags (post_id, tag_id) values (13, 65);
insert into web_forum_database.posts_tags (post_id, tag_id) values (13, 66);
insert into web_forum_database.posts_tags (post_id, tag_id) values (14, 67);
insert into web_forum_database.posts_tags (post_id, tag_id) values (14, 68);
insert into web_forum_database.posts_tags (post_id, tag_id) values (14, 69);
insert into web_forum_database.posts_tags (post_id, tag_id) values (15, 70);
insert into web_forum_database.posts_tags (post_id, tag_id) values (15, 71);
insert into web_forum_database.posts_tags (post_id, tag_id) values (15, 72);
insert into web_forum_database.posts_tags (post_id, tag_id) values (16, 73);
insert into web_forum_database.posts_tags (post_id, tag_id) values (16, 74);
insert into web_forum_database.posts_tags (post_id, tag_id) values (16, 75);
insert into web_forum_database.posts_tags (post_id, tag_id) values (17, 76);
insert into web_forum_database.posts_tags (post_id, tag_id) values (17, 77);
insert into web_forum_database.posts_tags (post_id, tag_id) values (17, 78);
insert into web_forum_database.posts_tags (post_id, tag_id) values (18, 79);
insert into web_forum_database.posts_tags (post_id, tag_id) values (18, 80);
insert into web_forum_database.posts_tags (post_id, tag_id) values (18, 81);
insert into web_forum_database.posts_tags (post_id, tag_id) values (19, 82);
insert into web_forum_database.posts_tags (post_id, tag_id) values (19, 83);
insert into web_forum_database.posts_tags (post_id, tag_id) values (19, 84);

#Comments_Users_Dislikes
insert into web_forum_database.comments_users_dislikes (comment_id, user_id) values (1, 1);
insert into web_forum_database.comments_users_dislikes (comment_id, user_id) values (2, 2);
insert into web_forum_database.comments_users_dislikes (comment_id, user_id) values (3, 3);
insert into web_forum_database.comments_users_dislikes (comment_id, user_id) values (4, 4);
insert into web_forum_database.comments_users_dislikes (comment_id, user_id) values (5, 5);
insert into web_forum_database.comments_users_dislikes (comment_id, user_id) values (6, 6);
insert into web_forum_database.comments_users_dislikes (comment_id, user_id) values (7, 7);
insert into web_forum_database.comments_users_dislikes (comment_id, user_id) values (8, 8);
insert into web_forum_database.comments_users_dislikes (comment_id, user_id) values (9, 9);
insert into web_forum_database.comments_users_dislikes (comment_id, user_id) values (10, 10);
insert into web_forum_database.comments_users_dislikes (comment_id, user_id) values (11, 1);
insert into web_forum_database.comments_users_dislikes (comment_id, user_id) values (12, 2);
insert into web_forum_database.comments_users_dislikes (comment_id, user_id) values (13, 3);
insert into web_forum_database.comments_users_dislikes (comment_id, user_id) values (14, 4);
insert into web_forum_database.comments_users_dislikes (comment_id, user_id) values (15, 5);
insert into web_forum_database.comments_users_dislikes (comment_id, user_id) values (16, 6);
insert into web_forum_database.comments_users_dislikes (comment_id, user_id) values (17, 7);
insert into web_forum_database.comments_users_dislikes (comment_id, user_id) values (18, 8);
insert into web_forum_database.comments_users_dislikes (comment_id, user_id) values (19, 9);
insert into web_forum_database.comments_users_dislikes (comment_id, user_id) values (20, 10);
insert into web_forum_database.comments_users_dislikes (comment_id, user_id) values (21, 1);
insert into web_forum_database.comments_users_dislikes (comment_id, user_id) values (22, 2);
insert into web_forum_database.comments_users_dislikes (comment_id, user_id) values (26, 3);
insert into web_forum_database.comments_users_dislikes (comment_id, user_id) values (27, 4);
insert into web_forum_database.comments_users_dislikes (comment_id, user_id) values (28, 5);
insert into web_forum_database.comments_users_dislikes (comment_id, user_id) values (29, 6);
insert into web_forum_database.comments_users_dislikes (comment_id, user_id) values (30, 7);
insert into web_forum_database.comments_users_dislikes (comment_id, user_id) values (31, 8);
insert into web_forum_database.comments_users_dislikes (comment_id, user_id) values (32, 9);
insert into web_forum_database.comments_users_dislikes (comment_id, user_id) values (33, 10);
insert into web_forum_database.comments_users_dislikes (comment_id, user_id) values (34, 1);
insert into web_forum_database.comments_users_dislikes (comment_id, user_id) values (35, 2);
insert into web_forum_database.comments_users_dislikes (comment_id, user_id) values (36, 3);
insert into web_forum_database.comments_users_dislikes (comment_id, user_id) values (37, 4);
insert into web_forum_database.comments_users_dislikes (comment_id, user_id) values (38, 5);
insert into web_forum_database.comments_users_dislikes (comment_id, user_id) values (39, 6);
insert into web_forum_database.comments_users_dislikes (comment_id, user_id) values (40, 7);
insert into web_forum_database.comments_users_dislikes (comment_id, user_id) values (41, 8);
insert into web_forum_database.comments_users_dislikes (comment_id, user_id) values (42, 9);
insert into web_forum_database.comments_users_dislikes (comment_id, user_id) values (43, 10);
insert into web_forum_database.comments_users_dislikes (comment_id, user_id) values (44, 1);
insert into web_forum_database.comments_users_dislikes (comment_id, user_id) values (45, 2);
insert into web_forum_database.comments_users_dislikes (comment_id, user_id) values (46, 3);
insert into web_forum_database.comments_users_dislikes (comment_id, user_id) values (47, 4);
insert into web_forum_database.comments_users_dislikes (comment_id, user_id) values (48, 5);
insert into web_forum_database.comments_users_dislikes (comment_id, user_id) values (49, 6);
insert into web_forum_database.comments_users_dislikes (comment_id, user_id) values (50, 7);
insert into web_forum_database.comments_users_dislikes (comment_id, user_id) values (51, 8);
insert into web_forum_database.comments_users_dislikes (comment_id, user_id) values (52, 9);
insert into web_forum_database.comments_users_dislikes (comment_id, user_id) values (56, 10);
insert into web_forum_database.comments_users_dislikes (comment_id, user_id) values (57, 1);
insert into web_forum_database.comments_users_dislikes (comment_id, user_id) values (58, 2);
insert into web_forum_database.comments_users_dislikes (comment_id, user_id) values (59, 3);
insert into web_forum_database.comments_users_dislikes (comment_id, user_id) values (60, 4);
insert into web_forum_database.comments_users_dislikes (comment_id, user_id) values (61, 5);
insert into web_forum_database.comments_users_dislikes (comment_id, user_id) values (62, 6);
insert into web_forum_database.comments_users_dislikes (comment_id, user_id) values (63, 7);
insert into web_forum_database.comments_users_dislikes (comment_id, user_id) values (64, 8);
insert into web_forum_database.comments_users_dislikes (comment_id, user_id) values (65, 9);
insert into web_forum_database.comments_users_dislikes (comment_id, user_id) values (66, 10);
insert into web_forum_database.comments_users_dislikes (comment_id, user_id) values (67, 1);
insert into web_forum_database.comments_users_dislikes (comment_id, user_id) values (68, 2);
insert into web_forum_database.comments_users_dislikes (comment_id, user_id) values (69, 3);
insert into web_forum_database.comments_users_dislikes (comment_id, user_id) values (70, 4);
insert into web_forum_database.comments_users_dislikes (comment_id, user_id) values (71, 5);
insert into web_forum_database.comments_users_dislikes (comment_id, user_id) values (72, 6);
insert into web_forum_database.comments_users_dislikes (comment_id, user_id) values (73, 7);
insert into web_forum_database.comments_users_dislikes (comment_id, user_id) values (74, 8);
insert into web_forum_database.comments_users_dislikes (comment_id, user_id) values (75, 9);
insert into web_forum_database.comments_users_dislikes (comment_id, user_id) values (76, 10);
insert into web_forum_database.comments_users_dislikes (comment_id, user_id) values (77, 1);
insert into web_forum_database.comments_users_dislikes (comment_id, user_id) values (78, 2);
insert into web_forum_database.comments_users_dislikes (comment_id, user_id) values (79, 3);
insert into web_forum_database.comments_users_dislikes (comment_id, user_id) values (80, 4);
insert into web_forum_database.comments_users_dislikes (comment_id, user_id) values (81, 5);
insert into web_forum_database.comments_users_dislikes (comment_id, user_id) values (82, 6);
insert into web_forum_database.comments_users_dislikes (comment_id, user_id) values (83, 7);
insert into web_forum_database.comments_users_dislikes (comment_id, user_id) values (84, 8);
insert into web_forum_database.comments_users_dislikes (comment_id, user_id) values (85, 9);

#Comments_Users_Likes
insert into web_forum_database.comments_users_likes (comment_id, user_id) values (1, 5);
insert into web_forum_database.comments_users_likes (comment_id, user_id) values (2, 6);
insert into web_forum_database.comments_users_likes (comment_id, user_id) values (3, 7);
insert into web_forum_database.comments_users_likes (comment_id, user_id) values (4, 8);
insert into web_forum_database.comments_users_likes (comment_id, user_id) values (5, 9);
insert into web_forum_database.comments_users_likes (comment_id, user_id) values (6, 10);
insert into web_forum_database.comments_users_likes (comment_id, user_id) values (7, 1);
insert into web_forum_database.comments_users_likes (comment_id, user_id) values (8, 2);
insert into web_forum_database.comments_users_likes (comment_id, user_id) values (9, 3);
insert into web_forum_database.comments_users_likes (comment_id, user_id) values (10, 4);
insert into web_forum_database.comments_users_likes (comment_id, user_id) values (11, 5);
insert into web_forum_database.comments_users_likes (comment_id, user_id) values (12, 6);
insert into web_forum_database.comments_users_likes (comment_id, user_id) values (13, 7);
insert into web_forum_database.comments_users_likes (comment_id, user_id) values (14, 8);
insert into web_forum_database.comments_users_likes (comment_id, user_id) values (15, 9);
insert into web_forum_database.comments_users_likes (comment_id, user_id) values (16, 10);
insert into web_forum_database.comments_users_likes (comment_id, user_id) values (17, 1);
insert into web_forum_database.comments_users_likes (comment_id, user_id) values (18, 2);
insert into web_forum_database.comments_users_likes (comment_id, user_id) values (19, 3);
insert into web_forum_database.comments_users_likes (comment_id, user_id) values (20, 4);
insert into web_forum_database.comments_users_likes (comment_id, user_id) values (21, 5);
insert into web_forum_database.comments_users_likes (comment_id, user_id) values (22, 6);
insert into web_forum_database.comments_users_likes (comment_id, user_id) values (26, 7);
insert into web_forum_database.comments_users_likes (comment_id, user_id) values (27, 8);
insert into web_forum_database.comments_users_likes (comment_id, user_id) values (28, 9);
insert into web_forum_database.comments_users_likes (comment_id, user_id) values (29, 10);
insert into web_forum_database.comments_users_likes (comment_id, user_id) values (30, 1);
insert into web_forum_database.comments_users_likes (comment_id, user_id) values (31, 2);
insert into web_forum_database.comments_users_likes (comment_id, user_id) values (32, 3);
insert into web_forum_database.comments_users_likes (comment_id, user_id) values (33, 4);
insert into web_forum_database.comments_users_likes (comment_id, user_id) values (34, 5);
insert into web_forum_database.comments_users_likes (comment_id, user_id) values (35, 6);
insert into web_forum_database.comments_users_likes (comment_id, user_id) values (36, 7);
insert into web_forum_database.comments_users_likes (comment_id, user_id) values (37, 8);
insert into web_forum_database.comments_users_likes (comment_id, user_id) values (38, 9);
insert into web_forum_database.comments_users_likes (comment_id, user_id) values (39, 10);
insert into web_forum_database.comments_users_likes (comment_id, user_id) values (40, 1);
insert into web_forum_database.comments_users_likes (comment_id, user_id) values (41, 2);
insert into web_forum_database.comments_users_likes (comment_id, user_id) values (42, 3);
insert into web_forum_database.comments_users_likes (comment_id, user_id) values (43, 4);
insert into web_forum_database.comments_users_likes (comment_id, user_id) values (44, 5);
insert into web_forum_database.comments_users_likes (comment_id, user_id) values (45, 6);
insert into web_forum_database.comments_users_likes (comment_id, user_id) values (46, 7);
insert into web_forum_database.comments_users_likes (comment_id, user_id) values (47, 8);
insert into web_forum_database.comments_users_likes (comment_id, user_id) values (48, 9);
insert into web_forum_database.comments_users_likes (comment_id, user_id) values (49, 10);
insert into web_forum_database.comments_users_likes (comment_id, user_id) values (50, 1);
insert into web_forum_database.comments_users_likes (comment_id, user_id) values (51, 2);
insert into web_forum_database.comments_users_likes (comment_id, user_id) values (52, 3);
insert into web_forum_database.comments_users_likes (comment_id, user_id) values (56, 4);
insert into web_forum_database.comments_users_likes (comment_id, user_id) values (57, 5);
insert into web_forum_database.comments_users_likes (comment_id, user_id) values (58, 6);
insert into web_forum_database.comments_users_likes (comment_id, user_id) values (59, 7);
insert into web_forum_database.comments_users_likes (comment_id, user_id) values (60, 8);
insert into web_forum_database.comments_users_likes (comment_id, user_id) values (61, 9);
insert into web_forum_database.comments_users_likes (comment_id, user_id) values (62, 10);
insert into web_forum_database.comments_users_likes (comment_id, user_id) values (63, 1);
insert into web_forum_database.comments_users_likes (comment_id, user_id) values (64, 2);
insert into web_forum_database.comments_users_likes (comment_id, user_id) values (65, 3);
insert into web_forum_database.comments_users_likes (comment_id, user_id) values (66, 4);
insert into web_forum_database.comments_users_likes (comment_id, user_id) values (67, 5);
insert into web_forum_database.comments_users_likes (comment_id, user_id) values (68, 6);
insert into web_forum_database.comments_users_likes (comment_id, user_id) values (69, 7);
insert into web_forum_database.comments_users_likes (comment_id, user_id) values (70, 8);
insert into web_forum_database.comments_users_likes (comment_id, user_id) values (71, 9);
insert into web_forum_database.comments_users_likes (comment_id, user_id) values (72, 10);
insert into web_forum_database.comments_users_likes (comment_id, user_id) values (73, 1);
insert into web_forum_database.comments_users_likes (comment_id, user_id) values (74, 2);
insert into web_forum_database.comments_users_likes (comment_id, user_id) values (75, 3);
insert into web_forum_database.comments_users_likes (comment_id, user_id) values (76, 4);
insert into web_forum_database.comments_users_likes (comment_id, user_id) values (77, 5);
insert into web_forum_database.comments_users_likes (comment_id, user_id) values (78, 6);
insert into web_forum_database.comments_users_likes (comment_id, user_id) values (79, 7);
insert into web_forum_database.comments_users_likes (comment_id, user_id) values (80, 8);
insert into web_forum_database.comments_users_likes (comment_id, user_id) values (81, 9);
insert into web_forum_database.comments_users_likes (comment_id, user_id) values (82, 10);
insert into web_forum_database.comments_users_likes (comment_id, user_id) values (83, 1);
insert into web_forum_database.comments_users_likes (comment_id, user_id) values (84, 2);
insert into web_forum_database.comments_users_likes (comment_id, user_id) values (85, 3);
insert into web_forum_database.comments_users_likes (comment_id, user_id) values (6, 1);
insert into web_forum_database.comments_users_likes (comment_id, user_id) values (46, 6);

#Posts_Comments
insert into web_forum_database.posts_comments (post_id, comment_id) values (1, 1);
insert into web_forum_database.posts_comments (post_id, comment_id) values (2, 2);
insert into web_forum_database.posts_comments (post_id, comment_id) values (3, 3);
insert into web_forum_database.posts_comments (post_id, comment_id) values (4, 4);
insert into web_forum_database.posts_comments (post_id, comment_id) values (6, 6);
insert into web_forum_database.posts_comments (post_id, comment_id) values (7, 7);
insert into web_forum_database.posts_comments (post_id, comment_id) values (8, 8);
insert into web_forum_database.posts_comments (post_id, comment_id) values (9, 9);
insert into web_forum_database.posts_comments (post_id, comment_id) values (10, 10);
insert into web_forum_database.posts_comments (post_id, comment_id) values (11, 11);
insert into web_forum_database.posts_comments (post_id, comment_id) values (12, 12);
insert into web_forum_database.posts_comments (post_id, comment_id) values (13, 13);
insert into web_forum_database.posts_comments (post_id, comment_id) values (14, 14);
insert into web_forum_database.posts_comments (post_id, comment_id) values (15, 15);
insert into web_forum_database.posts_comments (post_id, comment_id) values (16, 16);
insert into web_forum_database.posts_comments (post_id, comment_id) values (17, 17);
insert into web_forum_database.posts_comments (post_id, comment_id) values (18, 18);
insert into web_forum_database.posts_comments (post_id, comment_id) values (19, 19);
insert into web_forum_database.posts_comments (post_id, comment_id) values (1, 21);
insert into web_forum_database.posts_comments (post_id, comment_id) values (1, 22);
insert into web_forum_database.posts_comments (post_id, comment_id) values (5, 20);
insert into web_forum_database.posts_comments (post_id, comment_id) values (1, 26);
insert into web_forum_database.posts_comments (post_id, comment_id) values (1, 27);
insert into web_forum_database.posts_comments (post_id, comment_id) values (1, 28);
insert into web_forum_database.posts_comments (post_id, comment_id) values (2, 29);
insert into web_forum_database.posts_comments (post_id, comment_id) values (2, 30);
insert into web_forum_database.posts_comments (post_id, comment_id) values (2, 31);
insert into web_forum_database.posts_comments (post_id, comment_id) values (3, 32);
insert into web_forum_database.posts_comments (post_id, comment_id) values (3, 33);
insert into web_forum_database.posts_comments (post_id, comment_id) values (3, 34);
insert into web_forum_database.posts_comments (post_id, comment_id) values (4, 35);
insert into web_forum_database.posts_comments (post_id, comment_id) values (4, 36);
insert into web_forum_database.posts_comments (post_id, comment_id) values (4, 37);
insert into web_forum_database.posts_comments (post_id, comment_id) values (5, 38);
insert into web_forum_database.posts_comments (post_id, comment_id) values (5, 39);
insert into web_forum_database.posts_comments (post_id, comment_id) values (5, 40);
insert into web_forum_database.posts_comments (post_id, comment_id) values (6, 41);
insert into web_forum_database.posts_comments (post_id, comment_id) values (6, 42);
insert into web_forum_database.posts_comments (post_id, comment_id) values (6, 43);
insert into web_forum_database.posts_comments (post_id, comment_id) values (7, 44);
insert into web_forum_database.posts_comments (post_id, comment_id) values (7, 45);
insert into web_forum_database.posts_comments (post_id, comment_id) values (7, 46);
insert into web_forum_database.posts_comments (post_id, comment_id) values (8, 47);
insert into web_forum_database.posts_comments (post_id, comment_id) values (8, 48);
insert into web_forum_database.posts_comments (post_id, comment_id) values (8, 49);
insert into web_forum_database.posts_comments (post_id, comment_id) values (9, 50);
insert into web_forum_database.posts_comments (post_id, comment_id) values (9, 51);
insert into web_forum_database.posts_comments (post_id, comment_id) values (9, 52);
insert into web_forum_database.posts_comments (post_id, comment_id) values (10, 56);
insert into web_forum_database.posts_comments (post_id, comment_id) values (10, 57);
insert into web_forum_database.posts_comments (post_id, comment_id) values (10, 58);
insert into web_forum_database.posts_comments (post_id, comment_id) values (11, 59);
insert into web_forum_database.posts_comments (post_id, comment_id) values (11, 60);
insert into web_forum_database.posts_comments (post_id, comment_id) values (11, 61);
insert into web_forum_database.posts_comments (post_id, comment_id) values (12, 62);
insert into web_forum_database.posts_comments (post_id, comment_id) values (12, 63);
insert into web_forum_database.posts_comments (post_id, comment_id) values (12, 64);
insert into web_forum_database.posts_comments (post_id, comment_id) values (13, 65);
insert into web_forum_database.posts_comments (post_id, comment_id) values (13, 66);
insert into web_forum_database.posts_comments (post_id, comment_id) values (13, 67);
insert into web_forum_database.posts_comments (post_id, comment_id) values (14, 68);
insert into web_forum_database.posts_comments (post_id, comment_id) values (14, 69);
insert into web_forum_database.posts_comments (post_id, comment_id) values (14, 70);
insert into web_forum_database.posts_comments (post_id, comment_id) values (15, 71);
insert into web_forum_database.posts_comments (post_id, comment_id) values (15, 72);
insert into web_forum_database.posts_comments (post_id, comment_id) values (15, 73);
insert into web_forum_database.posts_comments (post_id, comment_id) values (16, 74);
insert into web_forum_database.posts_comments (post_id, comment_id) values (16, 75);
insert into web_forum_database.posts_comments (post_id, comment_id) values (16, 76);
insert into web_forum_database.posts_comments (post_id, comment_id) values (17, 77);
insert into web_forum_database.posts_comments (post_id, comment_id) values (17, 78);
insert into web_forum_database.posts_comments (post_id, comment_id) values (17, 79);
insert into web_forum_database.posts_comments (post_id, comment_id) values (18, 80);
insert into web_forum_database.posts_comments (post_id, comment_id) values (18, 81);
insert into web_forum_database.posts_comments (post_id, comment_id) values (18, 82);
insert into web_forum_database.posts_comments (post_id, comment_id) values (19, 83);
insert into web_forum_database.posts_comments (post_id, comment_id) values (19, 84);
insert into web_forum_database.posts_comments (post_id, comment_id) values (19, 85);

#Posts_Users_Dislikes
insert into web_forum_database.posts_users_dislikes (post_id, user_id) values (1, 1);
insert into web_forum_database.posts_users_dislikes (post_id, user_id) values (2, 2);
insert into web_forum_database.posts_users_dislikes (post_id, user_id) values (3, 3);
insert into web_forum_database.posts_users_dislikes (post_id, user_id) values (4, 4);
insert into web_forum_database.posts_users_dislikes (post_id, user_id) values (5, 5);
insert into web_forum_database.posts_users_dislikes (post_id, user_id) values (6, 6);
insert into web_forum_database.posts_users_dislikes (post_id, user_id) values (7, 7);
insert into web_forum_database.posts_users_dislikes (post_id, user_id) values (8, 8);
insert into web_forum_database.posts_users_dislikes (post_id, user_id) values (9, 9);
insert into web_forum_database.posts_users_dislikes (post_id, user_id) values (10, 10);
insert into web_forum_database.posts_users_dislikes (post_id, user_id) values (11, 1);
insert into web_forum_database.posts_users_dislikes (post_id, user_id) values (12, 2);
insert into web_forum_database.posts_users_dislikes (post_id, user_id) values (13, 3);
insert into web_forum_database.posts_users_dislikes (post_id, user_id) values (14, 4);
insert into web_forum_database.posts_users_dislikes (post_id, user_id) values (15, 5);
insert into web_forum_database.posts_users_dislikes (post_id, user_id) values (16, 6);
insert into web_forum_database.posts_users_dislikes (post_id, user_id) values (17, 7);
insert into web_forum_database.posts_users_dislikes (post_id, user_id) values (18, 8);
insert into web_forum_database.posts_users_dislikes (post_id, user_id) values (19, 9);
insert into web_forum_database.posts_users_dislikes (post_id, user_id) values (7, 6);

#Posts_Users_Likes
insert into web_forum_database.posts_users_likes (post_id, user_id) values (1, 3);
insert into web_forum_database.posts_users_likes (post_id, user_id) values (2, 4);
insert into web_forum_database.posts_users_likes (post_id, user_id) values (3, 5);
insert into web_forum_database.posts_users_likes (post_id, user_id) values (4, 5);
insert into web_forum_database.posts_users_likes (post_id, user_id) values (5, 6);
insert into web_forum_database.posts_users_likes (post_id, user_id) values (6, 7);
insert into web_forum_database.posts_users_likes (post_id, user_id) values (7, 8);
insert into web_forum_database.posts_users_likes (post_id, user_id) values (8, 9);
insert into web_forum_database.posts_users_likes (post_id, user_id) values (9, 10);
insert into web_forum_database.posts_users_likes (post_id, user_id) values (10, 1);
insert into web_forum_database.posts_users_likes (post_id, user_id) values (11, 2);
insert into web_forum_database.posts_users_likes (post_id, user_id) values (12, 3);
insert into web_forum_database.posts_users_likes (post_id, user_id) values (13, 4);
insert into web_forum_database.posts_users_likes (post_id, user_id) values (14, 5);
insert into web_forum_database.posts_users_likes (post_id, user_id) values (15, 6);
insert into web_forum_database.posts_users_likes (post_id, user_id) values (16, 7);
insert into web_forum_database.posts_users_likes (post_id, user_id) values (17, 8);
insert into web_forum_database.posts_users_likes (post_id, user_id) values (18, 9);
insert into web_forum_database.posts_users_likes (post_id, user_id) values (19, 10);
insert into web_forum_database.posts_users_likes (post_id, user_id) values (2, 3);
insert into web_forum_database.posts_users_likes (post_id, user_id) values (2, 4);
insert into web_forum_database.posts_users_likes (post_id, user_id) values (3, 5);
insert into web_forum_database.posts_users_likes (post_id, user_id) values (3, 6);
insert into web_forum_database.posts_users_likes (post_id, user_id) values (4, 7);
insert into web_forum_database.posts_users_likes (post_id, user_id) values (4, 8);
insert into web_forum_database.posts_users_likes (post_id, user_id) values (4, 9);
insert into web_forum_database.posts_users_likes (post_id, user_id) values (5, 10);
insert into web_forum_database.posts_users_likes (post_id, user_id) values (5, 1);
insert into web_forum_database.posts_users_likes (post_id, user_id) values (5, 2);
insert into web_forum_database.posts_users_likes (post_id, user_id) values (6, 3);
insert into web_forum_database.posts_users_likes (post_id, user_id) values (7, 4);
insert into web_forum_database.posts_users_likes (post_id, user_id) values (8, 5);
insert into web_forum_database.posts_users_likes (post_id, user_id) values (8, 6);
insert into web_forum_database.posts_users_likes (post_id, user_id) values (8, 7);
insert into web_forum_database.posts_users_likes (post_id, user_id) values (8, 9);
insert into web_forum_database.posts_users_likes (post_id, user_id) values (9, 8);
insert into web_forum_database.posts_users_likes (post_id, user_id) values (9, 1);
insert into web_forum_database.posts_users_likes (post_id, user_id) values (10, 2);
insert into web_forum_database.posts_users_likes (post_id, user_id) values (10, 3);
insert into web_forum_database.posts_users_likes (post_id, user_id) values (10, 4);
insert into web_forum_database.posts_users_likes (post_id, user_id) values (6, 1);